index,type,DPA1*01:03,DPA1*01:04,DPA1*01:05,DPA1*01:06,DPA1*01:07,DPA1*01:08,DPA1*02:01,DPA1*02:02,DPA1*02:03,DPA1*03:01,DPA1*03:02,DPA1*03:03,DPA1*04:01,DQA1*01:01,DQA1*01:02,DQA1*01:03,DQA1*01:04,DQA1*01:05,DQA1*01:06,DQA1*01:07,DQA1*02:01,DQA1*03:01,DQA1*03:02,DQA1*03:03,DQA1*04:01,DQA1*04:02,DQA1*04:04,DQA1*05:01,DQA1*05:02,DQA1*05:03,DQA1*05:04,DQA1*05:05,DQA1*06:01,DQA1*06:02
1,AbV,,,,,,,,,,,,,,2D,2D,2D,,,,,2D,2D,2D,2D,2D,,,2D,,2D,,2D,2D,
2,AbV,,,,,,,,,,,,,,40E,40E,40E,40E,40E,40E,40E,40E,40E,40E,40E,40GR,40GR,40GR,40GR,40GR,40GR,40GR,40GR,40GR,40GR
3,AbV,,,,,,,,,,,,,,52SK,52SK,52SK,52SK,52SK,52SK,52SK,,,,,,,,,,,,,,
4,AbV,,,,,,,,,,,,,,,,,,,,,47KHL,76V,76V,76V,,,,,,,,,,
5,AbV,50Q,50Q,50Q,50Q,50Q,50R,50R,50R,50R,50Q,50Q,50Q,50R,61GR,61GR,61GR,61GR,61GR,61GR,61GR,61FT,61FT,61FT,61FT,61FT,61FT,61FT,61FT,61FT,61FT,61FT,61FT,61FT,61FT
6,AbV,,,,,,,,,,,,,,,,,,,,,,,,,,,,75S,75S,75S,75S,75S,,
7,AbV,,,,,,,,,,,,,,,,,,,,,,,,,,,,,,,,,,
8,AbV,,,,,,,,,,,,,,,,,,,,,,,,,,,,,,,,,,
9,AbV,,,,,,,,,,,,,,,,,,,,,,,,,,,,,,,,,,
10,AbV,,,,,,,,,,,,,,,,,,,,,,,,,,,,,,,,,,
1,other,,,,pq34Q,,,pq34Q,pq34Q,,,,,,,pq34Q,pq34Q,,,pq34Q,,,,,,pq34Q,pq34Q,pq34Q,pq34Q,pq34Q,pq34Q,pq34Q,pq34Q,pq34Q,pq34Q
2,oth,,,,,,,,,,,,,,,,,,,,,,,,,,,,,,,,,,
3,oth,66L,66L,66L,66L,66L,66L,66L,66L,66L,66S,66L,66S,66L,,,,2G,2G,,,,,,,,,,,,,,,,
4,oth,,,83A,,,,83A,83A,83A,,,,83A,,,,,,,,69L,69L,69L,69L,69T,69T,69T,69L,69L,69L,69L,69L,69T,69T
5,oth,,,,,,,,,,,,,,75I,75I,75I,75I,75I,75I,75I,75I,75I,75I,75I,75I,75I,75I,,,,,,75I,75I
6,oth,,,,,,,,,,,,,,,,130A,,,,,76L,,,,76L,76L,76L,76L,76L,76L,76L,76L,76L,76L
7,oth,,,,,,,111R,111R,,,,,,129Q,129Q,129H,129Q,129Q,,129Q,129H,129H,129H,129H,129H,129H,129H,129H,,129H,,129H,129H,129H
8,oth,127L,127L,,,,,127P,127P,,127L,,,127P,130S,130S,,130S,130S,130S,130S,130S,130S,130S,130S,130S,130S,130S,130S,130S,130S,130S,130S,130S,130S
9,oth,160F,160F,,,,,,,,,,,190A,160A,160A,160A,160A,160A,,160A,160A,160A,160D,160D,160A,160A,160A,160A,,160S,,160A,160A,160A
10,oth,,,,,,,,,,,,,,161DI,161DI,161DI,161DI,161DI,,161DI,161DI,161DI,,,161DI,161DI,161DI,,,,,,161DI,161DI
11,oth,,,,,,,,,,,,,,,,,,,,,,,,,,,,,,,,,,
12,oth,,,,,,,,,,,,,,,,,,,,,,,,,,,,,,,,,,